Workbook

Sheet 儀表板
A1: Hugging Face VLM 模型分析儀表板
A2: 資料更新日期: 2026-01-09
A4: 關鍵指標 (KPI)
A5: 總模型數 | C5: 總下載量 | E5: 平均下載量 | G5: 開發者數量
A6: =COUNTA('下載量排名'!A:A)-1 | C6: =SUM('下載量排名'!E:E) | E6: =IFERROR(AVERAGE('下載量排名'!E:E),0) | G6: =COUNTA(UNIQUE('下載量排名'!C2:C30))
A9: 模型規模篩選器
A10: 選擇參數規模: | B10: 全部
A12: 下載量 Top 5 模型 | F12: 開發者分佈
A13: 排名 | B13: 模型名稱 | C13: 開發者 | D13: 下載量 | F13: 開發者 | G13: 模型數 | H13: 佔比
A14: 1 | B14: =IFERROR(INDEX('下載量排名'!B:B,2),"") | C14: =IFERROR(INDEX('下載量排名'!C:C,2),"") | D14: =IFERROR(INDEX('下載量排名'!E:E,2),0) | F14: Qwen/Alibaba | G14: =COUNTIF('下載量排名'!C:C,"*Qwen*") | H14: =IFERROR(G14/$B$6,0)
A15: 2 | B15: =IFERROR(INDEX('下載量排名'!B:B,3),"") | C15: =IFERROR(INDEX('下載量排名'!C:C,3),"") | D15: =IFERROR(INDEX('下載量排名'!E:E,3),0) | F15: Google | G15: =COUNTIF('下載量排名'!C:C,"*Google*") | H15: =IFERROR(G15/$B$6,0)
A16: 3 | B16: =IFERROR(INDEX('下載量排名'!B:B,4),"") | C16: =IFERROR(INDEX('下載量排名'!C:C,4),"") | D16: =IFERROR(INDEX('下載量排名'!E:E,4),0) | F16: Microsoft | G16: =COUNTIF('下載量排名'!C:C,"*Microsoft*") | H16: =IFERROR(G16/$B$6,0)
A17: 4 | B17: =IFERROR(INDEX('下載量排名'!B:B,5),"") | C17: =IFERROR(INDEX('下載量排名'!C:C,5),"") | D17: =IFERROR(INDEX('下載量排名'!E:E,5),0) | F17: OpenGVLab | G17: =COUNTIF('下載量排名'!C:C,"*OpenGVLab*") | H17: =IFERROR(G17/$B$6,0)
A18: 5 | B18: =IFERROR(INDEX('下載量排名'!B:B,6),"") | C18: =IFERROR(INDEX('下載量排名'!C:C,6),"") | D18: =IFERROR(INDEX('下載量排名'!E:E,6),0) | F18: 其他 | G18: =B6-SUM(G14:G17) | H18: =IFERROR(G18/$B$6,0)
A20: 參數規模分佈
A21: 規模 | B21: 數量 | C21: 佔比
A22: 小型 (<4B) | B22: =COUNTIF('下載量排名'!H:H,"小型(<4B)") | C22: =IFERROR(B22/$B$6,0)
A23: 中型 (4B-20B) | B23: =COUNTIF('下載量排名'!H:H,"中型(4B-20B)") | C23: =IFERROR(B23/$B$6,0)
A24: 大型 (>20B) | B24: =COUNTIF('下載量排名'!H:H,"大型(>20B)") | C24: =IFERROR(B24/$B$6,0)
A26: 備註
A27: • 資料來源: Hugging Face Hub (huggingface.co/models)
A28: • 下載量數據為累計下載次數，可能包含自動化下載
A29: • 模型分類基於 Hugging Face 官方部落格和排行榜
A30: • 使用計算工具表可根據需求獲取模型推薦

Sheet 下載量排名
A1: Hugging Face VLM 模型下載量排名
A2: 資料來源: Hugging Face Hub (Image-Text-to-Text 類別)
A4: 排名 | B4: 模型名稱 | C4: 開發者 | D4: 參數量 | E4: 下載量 | F4: Likes | G4: Hugging Face 連結 | H4: 規模分類 | I4: 下載/Likes比
A5: 1 | B5: moondream2 | C5: vikhyatk | D5: 2B | E5: 3660000 | F5: 1360 | G5: https://huggingface.co/vikhyatk/moondream2 | H5: =IFERROR(IF(OR(D5="-",D5=""),"-",IF(VALUE(SUBSTITUTE(D5,"B",""))<4,"小型(<4B)",IF(VALUE(SUBSTITUTE(D5,"B",""))<=20,"中型(4B-20B)","大型(>20B)"))),"未知") | I5: =IFERROR(E5/F5,0)
A6: 2 | B6: DeepSeek-OCR | C6: deepseek-ai | D6: 3B | E6: 3290000 | F6: 3050 | G6: https://huggingface.co/deepseek-ai/DeepSeek-OCR | H6: =IFERROR(IF(OR(D6="-",D6=""),"-",IF(VALUE(SUBSTITUTE(D6,"B",""))<4,"小型(<4B)",IF(VALUE(SUBSTITUTE(D6,"B",""))<=20,"中型(4B-20B)","大型(>20B)"))),"未知") | I6: =IFERROR(E6/F6,0)
A7: 3 | B7: Qwen3-VL-8B-Instruct | C7: Qwen | D7: 9B | E7: 2350000 | F7: 633 | G7: https://huggingface.co/Qwen/Qwen3-VL-8B-Instruct | H7: =IFERROR(IF(OR(D7="-",D7=""),"-",IF(VALUE(SUBSTITUTE(D7,"B",""))<4,"小型(<4B)",IF(VALUE(SUBSTITUTE(D7,"B",""))<=20,"中型(4B-20B)","大型(>20B)"))),"未知") | I7: =IFERROR(E7/F7,0)
A8: 4 | B8: Qwen2.5-VL-7B-Instruct | C8: Qwen | D8: 8B | E8: 2250000 | F8: 1420 | G8: https://huggingface.co/Qwen/Qwen2.5-VL-7B-Instruct | H8: =IFERROR(IF(OR(D8="-",D8=""),"-",IF(VALUE(SUBSTITUTE(D8,"B",""))<4,"小型(<4B)",IF(VALUE(SUBSTITUTE(D8,"B",""))<=20,"中型(4B-20B)","大型(>20B)"))),"未知") | I8: =IFERROR(E8/F8,0)
A9: 5 | B9: Qwen2.5-VL-3B-Instruct | C9: Qwen | D9: 4B | E9: 2050000 | F9: 585 | G9: https://huggingface.co/Qwen/Qwen2.5-VL-3B-Instruct | H9: =IFERROR(IF(OR(D9="-",D9=""),"-",IF(VALUE(SUBSTITUTE(D9,"B",""))<4,"小型(<4B)",IF(VALUE(SUBSTITUTE(D9,"B",""))<=20,"中型(4B-20B)","大型(>20B)"))),"未知") | I9: =IFERROR(E9/F9,0)
A10: 6 | B10: openvla-7b | C10: openvla | D10: 8B | E10: 1790000 | F10: 161 | G10: https://huggingface.co/openvla/openvla-7b | H10: =IFERROR(IF(OR(D10="-",D10=""),"-",IF(VALUE(SUBSTITUTE(D10,"B",""))<4,"小型(<4B)",IF(VALUE(SUBSTITUTE(D10,"B",""))<=20,"中型(4B-20B)","大型(>20B)"))),"未知") | I10: =IFERROR(E10/F10,0)
A11: 7 | B11: Qwen2-VL-2B-Instruct | C11: Qwen | D11: 2B | E11: 1540000 | F11: 477 | G11: https://huggingface.co/Qwen/Qwen2-VL-2B-Instruct | H11: =IFERROR(IF(OR(D11="-",D11=""),"-",IF(VALUE(SUBSTITUTE(D11,"B",""))<4,"小型(<4B)",IF(VALUE(SUBSTITUTE(D11,"B",""))<=20,"中型(4B-20B)","大型(>20B)"))),"未知") | I11: =IFERROR(E11/F11,0)
A12: 8 | B12: gemma-3-27b-it | C12: Google | D12: 27B | E12: 1420000 | F12: 1790 | G12: https://huggingface.co/google/gemma-3-27b-it | H12: =IFERROR(IF(OR(D12="-",D12=""),"-",IF(VALUE(SUBSTITUTE(D12,"B",""))<4,"小型(<4B)",IF(VALUE(SUBSTITUTE(D12,"B",""))<=20,"中型(4B-20B)","大型(>20B)"))),"未知") | I12: =IFERROR(E12/F12,0)
A13: 9 | B13: Qwen3-VL-30B-A3B-Instruct | C13: Qwen | D13: 31B | E13: 1250000 | F13: 490 | G13: https://huggingface.co/Qwen/Qwen3-VL-30B-A3B-Instruct | H13: =IFERROR(IF(OR(D13="-",D13=""),"-",IF(VALUE(SUBSTITUTE(D13,"B",""))<4,"小型(<4B)",IF(VALUE(SUBSTITUTE(D13,"B",""))<=20,"中型(4B-20B)","大型(>20B)"))),"未知") | I13: =IFERROR(E13/F13,0)
A14: 10 | B14: gemma-3-12b-it | C14: Google | D14: 12B | E14: 1200000 | F14: 608 | G14: https://huggingface.co/google/gemma-3-12b-it | H14: =IFERROR(IF(OR(D14="-",D14=""),"-",IF(VALUE(SUBSTITUTE(D14,"B",""))<4,"小型(<4B)",IF(VALUE(SUBSTITUTE(D14,"B",""))<=20,"中型(4B-20B)","大型(>20B)"))),"未知") | I14: =IFERROR(E14/F14,0)
A15: 11 | B15: MinerU2.5-2509-1.2B | C15: opendatalab | D15: 1B | E15: 1150000 | F15: 311 | G15: https://huggingface.co/opendatalab/MinerU2.5-2509-1.2B | H15: =IFERROR(IF(OR(D15="-",D15=""),"-",IF(VALUE(SUBSTITUTE(D15,"B",""))<4,"小型(<4B)",IF(VALUE(SUBSTITUTE(D15,"B",""))<=20,"中型(4B-20B)","大型(>20B)"))),"未知") | I15: =IFERROR(E15/F15,0)
A16: 12 | B16: Qwen2-VL-7B-Instruct | C16: Qwen | D16: 8B | E16: 1130000 | F16: 1260 | G16: https://huggingface.co/Qwen/Qwen2-VL-7B-Instruct | H16: =IFERROR(IF(OR(D16="-",D16=""),"-",IF(VALUE(SUBSTITUTE(D16,"B",""))<4,"小型(<4B)",IF(VALUE(SUBSTITUTE(D16,"B",""))<=20,"中型(4B-20B)","大型(>20B)"))),"未知") | I16: =IFERROR(E16/F16,0)
... A33: 29 | B33: Qwen3-VL-32B-Instruct | C33: Qwen | D33: 33B | E33: 396000 | F33: 155 | G33: https://huggingface.co/Qwen/Qwen3-VL-32B-Instruct | H33: =IFERROR(IF(OR(D33="-",D33=""),"-",IF(VALUE(SUBSTITUTE(D33,"B",""))<4,"小型(<4B)",IF(VALUE(SUBSTITUTE(D33,"B",""))<=20,"中型(4B-20B)","大型(>20B)"))),"未知") | I33: =IFERROR(E33/F33,0)
A36: 統計摘要
A37: 總模型數: | B37: =COUNTA(A5:A33) | C37: 個
A38: 總下載量: | B38: =SUM(E5:E33) | C38: 次
A39: 平均下載量: | B39: =IFERROR(AVERAGE(E5:E33),0) | C39: 次
A40: 最高下載量: | B40: =MAX(E5:E33) | C40: 次
A41: 最低下載量: | B41: =MIN(E5:E33) | C41: 次
A42: 總 Likes: | B42: =SUM(F5:F33) | C42: 個
A43: 平均 Likes: | B43: =IFERROR(AVERAGE(F5:F33),0) | C43: 個
A45: 更多模型請訪問: https://huggingface.co/models?pipeline_tag=image-text-to-text

Sheet 官方推薦
A1: Hugging Face 官方推薦 VLM 模型
A2: 來源: Hugging Face Blog - Vision Language Models (May 2025)
A4: 模型名稱 | B4: 參數量 | C4: 特點 | D4: 適用場景 | E4: 推薦指數 | F4: 推薦指數
A5: Qwen2.5-VL | B5: 3B - 72B | C5: 多功能模型，具代理能力、數學推理 | D5: 通用多模態任務、代理應用 | E5: 5 | F5: ★★★★★
A6: RolmOCR | B6: 7B | C6: 高性能 OCR 模型 | D6: 文檔處理、文字識別 | E6: 4 | F6: ★★★★☆
A7: Kimi-VL-Thinking | B7: 16B MoE / 3B active | C7: 最佳推理模型，長鏈思考 | D7: 複雜推理、數學問題 | E7: 5 | F7: ★★★★★
A8: SmolVLM2 | B8: 256M - 2.2B | C8: 最小視頻語言模型 | D8: 邊緣設備、移動應用 | E8: 4 | F8: ★★★★☆
A9: Llama 4 Scout & Maverick | B9: 109B/400B MoE / 17B active | C9: 超長上下文支援 | D9: 長文檔處理、大規模分析 | E9: 5 | F9: ★★★★★
A10: Molmo | B10: 1B - 72B + MoE | C10: 完全開放，具定位能力 | D10: 物件定位、開源研究 | E10: 4 | F10: ★★★★☆
A12: 使用場景建議
A13: 使用場景 | B13: 推薦模型 | C13: 原因
A14: 通用多模態對話 | B14: Qwen2.5-VL-7B | C14: 平衡效能與資源需求
A15: 文檔 OCR 處理 | B15: DeepSeek-OCR | C15: 專為 OCR 優化，高準確率
A16: 複雜推理任務 | B16: Kimi-VL-Thinking | C16: 長鏈思考能力強
A17: 邊緣設備部署 | B17: SmolVLM2 (500M) | C17: 極輕量，可在手機運行
A18: 研究與實驗 | B18: Molmo | C18: 完全開源，可自由修改
A19: 長文檔分析 | B19: Llama 4 Scout | C19: 超長上下文支援

Sheet 模型分類
A1: VLM 模型分類與架構
A3: 按模型類型分類
A4: 類型 | B4: 代表模型 | C4: 特點
A5: Any-to-Any | B5: Qwen2.5-Omni, MiniCPM-o, Janus-Pro | C5: 可處理任意模態輸入輸出
A6: Reasoning | B6: QVQ-72B, Kimi-VL-Thinking | C6: 複雜推理與長鏈思考
A7: Small/Efficient | B7: SmolVLM, moondream2, Florence-2 | C7: 輕量高效，適合邊緣部署
A8: MoE | B8: Kimi-VL, Qwen3-VL-30B-A3B | C8: 混合專家架構，高效推理
A9: OCR Specialized | B9: DeepSeek-OCR, HunyuanOCR, dots.ocr | C9: 專注文字識別
A10: Video Understanding | B10: SmolVLM2, Video-LLaMA | C10: 視頻內容理解
A13: 按開發者分類
A14: 開發者 | B14: 主要模型系列 | C14: 模型數量
A15: Qwen (Alibaba) | B15: Qwen-VL, Qwen2-VL, Qwen2.5-VL, Qwen3-VL | C15: =COUNTIF('下載量排名'!C:C,"*Qwen*")
A16: Google DeepMind | B16: Gemma-3, PaliGemma | C16: =COUNTIF('下載量排名'!C:C,"*Google*")
A17: Microsoft | B17: Florence-2, Phi-3.5-vision, Fara | C17: =COUNTIF('下載量排名'!C:C,"*Microsoft*")
A18: OpenGVLab | B18: InternVL, InternVL2, InternVL3 | C18: =COUNTIF('下載量排名'!C:C,"*OpenGVLab*")
A19: Meta | B19: LLaMA, Chameleon | C19: =COUNTIF('下載量排名'!C:C,"*Meta*")
A20: DeepSeek AI | B20: DeepSeek-VL, DeepSeek-OCR, Janus | C20: =COUNTIF('下載量排名'!C:C,"*deepseek*")
A21: Tencent | B21: HunyuanOCR | C21: =COUNTIF('下載量排名'!C:C,"*Tencent*")
A22: NVIDIA | B22: Nemotron-VL | C22: =COUNTIF('下載量排名'!C:C,"*NVIDIA*")
A25: 2024-2025 VLM 發展趨勢
A26: 趨勢 | B26: 說明 | C26: 代表
A27: 模型小型化 | B27: 在保持效能的同時大幅減少參數量 | C27: SmolVLM, moondream2
A28: MoE 架構普及 | B28: 使用混合專家提高效率 | C28: Kimi-VL, Qwen3-VL-30B-A3B
A29: 推理能力增強 | B29: 加入長鏈思考和複雜推理 | C29: QVQ-72B, Kimi-VL-Thinking
A30: 多模態統一 | B30: 單一模型處理多種模態 | C30: Qwen2.5-Omni, Janus-Pro
A31: OCR 專業化 | B31: 專門針對文字識別優化 | C31: DeepSeek-OCR, HunyuanOCR
A32: 開源生態發展 | B32: 更多高品質開源模型 | C32: InternVL, Molmo

Sheet 架構說明
A1: VLM 架構技術說明
A3: 模態融合策略
A4: 策略 | B4: 說明 | C4: 代表模型
A5: Early Fusion | B5: 視覺和文本輸入在早期階段結合處理 | C5: DALL-E
A6: Intermediate Fusion | B6: 各模態獨立處理後再融合，使用跨模態注意力 | C6: VisualBERT, LXMERT
A7: Late Fusion | B7: 兩種模態獨立處理到深層，在輸出附近融合 | C7: CLIP
A10: 模態對齊方法
A11: 方法 | B11: 說明 | C11: 應用
A12: Cross-Modal Attention | B12: 使用 Transformer 注意力機制對齊圖像與文本元素 | C12: 大多數現代 VLM
A13: Joint Embedding Space | B13: 創建共享表示空間，語義相似概念靠近 | C13: CLIP, ImageBind
A14: Contrastive Learning | B14: 訓練模型拉近語義相似的文本和圖像表示 | C14: CLIP, SigLIP
A15: Q-Former | B15: 使用可學習查詢向量橋接視覺和語言模態 | C15: BLIP-2, InstructBLIP
A16: Perceiver Resampler | B16: 將可變長度視覺特徵重採樣為固定長度 | C16: Flamingo

Sheet 計算工具
A1: VLM 模型選擇計算器
A2: 根據您的需求選擇最適合的模型
A4: 輸入參數 | D4: 快速參考
A5: 可用 GPU 記憶體 (GB): | B5: 24 | D5: 任務 | E5: 推薦模型 | F5: 備註
A6: 是否需要推理能力: | B6: 是 | D6: 一般對話 | E6: Qwen2.5-VL-7B | F6: 平衡選擇
A7: 是否需要 OCR: | B7: 否 | D7: 文檔處理 | E7: DeepSeek-OCR | F7: OCR 最佳
A8: 是否需要視頻理解: | B8: 否 | D8: 數學推理 | E8: Kimi-VL-Thinking | F8: 推理強
A9: 優先考慮: | B9: 效能 | D9: 手機部署 | E9: SmolVLM2-500M | F9: 最輕量
D10: 研究用途 | E10: Molmo | F10: 完全開源
D11: 長文檔 | E11: Llama 4 Scout | F11: 長上下文
A12: 推薦結果
A13: 推薦模型: | B13: =IF(B5<8,"SmolVLM2 (256M-2.2B)",IF(AND(B6="是",B5>=24),"Kimi-VL-Thinking",IF(B7="是","DeepSeek-OCR",IF(B8="是","SmolVLM2","Qwen2.5-VL-7B-Instruct"))))
A14: 推薦原因: | B14: =IF(B5<8,"記憶體有限，推薦輕量模型",IF(AND(B6="是",B5>=24),"需要推理能力且記憶體充足",IF(B7="是","專注 OCR 任務",IF(B8="是","需要視頻理解能力","通用多模態任務的最佳選擇"))))
A17: 記憶體需求參考
A18: 模型規模 | B18: FP16 記憶體 | C18: INT8 記憶體 | D18: INT4 記憶體
A19: 1B | B19: ~2 GB | C19: ~1 GB | D19: ~0.5 GB
A20: 3B | B20: ~6 GB | C20: ~3 GB | D20: ~1.5 GB
A21: 7B | B21: ~14 GB | C21: ~7 GB | D21: ~3.5 GB
A22: 13B | B22: ~26 GB | C22: ~13 GB | D22: ~6.5 GB
A23: 72B | B23: ~144 GB | C23: ~72 GB | D23: ~36 GB
